file_name,invoice_id,invoice_number,invoice_date,due_date,vendor_name,vendor_address,buyer_name,buyer_address,buyer_email,buyer_phone,buyer_website,totals_subtotal,totals_discount,totals_taxes,totals_total_amount,bank_name,bank_address,bank_city,bank_state,bank_zip,bank_country,notes,terms,line_item_id,description,quantity,unit_price,amount,bank_branch_name,bank_account_number,bank_swift_code,vendor_email,vendor_gstin,vendor_website
1.json,,4Y1M7d-017,1999-10-05,2022-03-29,"Rogers, Olson and Sanders","116 Smith Loop Apt. 882 East David, AL 5672 US",,,,,,436.97,0.0,0.0,436.97,,,,,,,All payments to be made in cash. Contact us for queries on these quotations.,"{'payment_due_date': '29-Mar-2022', 'payment_method': 'Cash', 'payment_location': ""Vendor's address""}",,Heavy school available,1.0,45.84,137.52,,,,,,
1.json,,4Y1M7d-017,1999-10-05,2022-03-29,"Rogers, Olson and Sanders","116 Smith Loop Apt. 882 East David, AL 5672 US",,,,,,436.97,0.0,0.0,436.97,,,,,,,All payments to be made in cash. Contact us for queries on these quotations.,"{'payment_due_date': '29-Mar-2022', 'payment_method': 'Cash', 'payment_location': ""Vendor's address""}",,Statement for,1.0,43.85,43.85,,,,,,
1.json,,4Y1M7d-017,1999-10-05,2022-03-29,"Rogers, Olson and Sanders","116 Smith Loop Apt. 882 East David, AL 5672 US",,,,,,436.97,0.0,0.0,436.97,,,,,,,All payments to be made in cash. Contact us for queries on these quotations.,"{'payment_due_date': '29-Mar-2022', 'payment_method': 'Cash', 'payment_location': ""Vendor's address""}",,Run sign war follow,1.0,33.18,132.72,,,,,,
1.json,,4Y1M7d-017,1999-10-05,2022-03-29,"Rogers, Olson and Sanders","116 Smith Loop Apt. 882 East David, AL 5672 US",,,,,,436.97,0.0,0.0,436.97,,,,,,,All payments to be made in cash. Contact us for queries on these quotations.,"{'payment_due_date': '29-Mar-2022', 'payment_method': 'Cash', 'payment_location': ""Vendor's address""}",,When region seek,1.0,26.29,105.16,,,,,,
11.json,,4Y5M8d-964,1998-04-03,,,"047 Jackson Meadows Apt. 391, Pearsonmouth, OH 83042 US",Brian Barber,"6768 Hernandez Haven, Lake Yolanda, AR 92373 US",tatemegan@example.org,+1(902)908-9736,https://www.moody.com/,288.22,,,291.78,,,,,,,Thank you for choosing us!,Total in words: two hundred and ninety-one point seven eight,,Forget join again.,6.0,33.02,198.12,,,,,,
11.json,,4Y5M8d-964,1998-04-03,,,"047 Jackson Meadows Apt. 391, Pearsonmouth, OH 83042 US",Brian Barber,"6768 Hernandez Haven, Lake Yolanda, AR 92373 US",tatemegan@example.org,+1(902)908-9736,https://www.moody.com/,288.22,,,291.78,,,,,,,Thank you for choosing us!,Total in words: two hundred and ninety-one point seven eight,,Industry carry.,1.0,90.1,90.1,,,,,,
12.json,,6y8Mod-837,2019-10-23,2018-03-30,Adaress:496 Buck Rest Suite 598,"Jenningsburgh, UT 95460 US.",Hannah Prico,"Valerietand, 10 21578 US.",martinjennifer@example.com,+(177)387-6060,http:iduncan-boone.info!,,,,,,,,,,,,4. Please send payment within 8 days of receiving this invoice. 2. Please include the Invoice number in your payment notes.,,Beautiful break unit,2.0,57.28,114.56,,,,,,
12.json,,6y8Mod-837,2019-10-23,2018-03-30,Adaress:496 Buck Rest Suite 598,"Jenningsburgh, UT 95460 US.",Hannah Prico,"Valerietand, 10 21578 US.",martinjennifer@example.com,+(177)387-6060,http:iduncan-boone.info!,,,,,,,,,,,,4. Please send payment within 8 days of receiving this invoice. 2. Please include the Invoice number in your payment notes.,,That class,4.0,6.45,25.8,,,,,,
13.json,,INV/18-92/169,1996-02-27,,"Navarro, Ford and Bryan",,Holly Waters,"465 Sanchez Manor Apt. 434, Johnton, FL 44217 US",shunter@example.net,+1(976)71-4187,https://moreno.info/,963.47,,,963.47,,,,,,,This order is shipped through blue dart courier,Total in words: nine hundred and sixty-three point four seven,,National personal.,4.0,93.93,375.72,,,,,,
13.json,,INV/18-92/169,1996-02-27,,"Navarro, Ford and Bryan",,Holly Waters,"465 Sanchez Manor Apt. 434, Johnton, FL 44217 US",shunter@example.net,+1(976)71-4187,https://moreno.info/,963.47,,,963.47,,,,,,,This order is shipped through blue dart courier,Total in words: nine hundred and sixty-three point four seven,,Them month no.,5.0,58.23,291.15,,,,,,
13.json,,INV/18-92/169,1996-02-27,,"Navarro, Ford and Bryan",,Holly Waters,"465 Sanchez Manor Apt. 434, Johnton, FL 44217 US",shunter@example.net,+1(976)71-4187,https://moreno.info/,963.47,,,963.47,,,,,,,This order is shipped through blue dart courier,Total in words: nine hundred and sixty-three point four seven,,Name material much.,4.0,36.62,146.48,,,,,,
13.json,,INV/18-92/169,1996-02-27,,"Navarro, Ford and Bryan",,Holly Waters,"465 Sanchez Manor Apt. 434, Johnton, FL 44217 US",shunter@example.net,+1(976)71-4187,https://moreno.info/,963.47,,,963.47,,,,,,,This order is shipped through blue dart courier,Total in words: nine hundred and sixty-three point four seven,,They both American.,3.0,39.51,118.53,,,,,,
15.json,,5Y9M9d-093,1998-11-26,,Woods-Gibbs,"696 Thompson Forest, Ashleybury, AR 73994 US",Thomas Sanchez,"24300 Brown Rest, South Victoriahaven, MI 05193 US",daniel28@example.org,+1(615)018-4911,http://williams.com/,1108.94,,,1115.27,,,,,,,,,,House lose use.,1.0,57.21,57.21,,,,,,
15.json,,5Y9M9d-093,1998-11-26,,Woods-Gibbs,"696 Thompson Forest, Ashleybury, AR 73994 US",Thomas Sanchez,"24300 Brown Rest, South Victoriahaven, MI 05193 US",daniel28@example.org,+1(615)018-4911,http://williams.com/,1108.94,,,1115.27,,,,,,,,,,Debate age age.,5.0,84.19,420.95,,,,,,
15.json,,5Y9M9d-093,1998-11-26,,Woods-Gibbs,"696 Thompson Forest, Ashleybury, AR 73994 US",Thomas Sanchez,"24300 Brown Rest, South Victoriahaven, MI 05193 US",daniel28@example.org,+1(615)018-4911,http://williams.com/,1108.94,,,1115.27,,,,,,,,,,To share some what.,6.0,12.83,76.98,,,,,,
15.json,,5Y9M9d-093,1998-11-26,,Woods-Gibbs,"696 Thompson Forest, Ashleybury, AR 73994 US",Thomas Sanchez,"24300 Brown Rest, South Victoriahaven, MI 05193 US",daniel28@example.org,+1(615)018-4911,http://williams.com/,1108.94,,,1115.27,,,,,,,,,,Stop feeling gas.,2.0,76.3,152.6,,,,,,
15.json,,5Y9M9d-093,1998-11-26,,Woods-Gibbs,"696 Thompson Forest, Ashleybury, AR 73994 US",Thomas Sanchez,"24300 Brown Rest, South Victoriahaven, MI 05193 US",daniel28@example.org,+1(615)018-4911,http://williams.com/,1108.94,,,1115.27,,,,,,,,,,Decide those.,5.0,80.24,401.2,,,,,,
16.json,,INV70773681,2023-01-04,2013-06-04,Richardson-Davis,"6479 Smith Causeway, East Camerontown, AS 38212 US",Cathy Nelson,"9187 Adams Flats Suite 868, East Josephchester, FL 26624 US",campbelljames@example.net,+1(867)907-3993,http://www.singh.com/,796.45,16.49,51.47,826.26,State Bank of California,,,,,,All payments to be made in cash. Contact us for queries on these quotations.,1. Please send payment within 8 days of receiving this invoice. There will be a 2.5% interest charge per month on late invoices. 2. Please include the Invoice number in your payment notes.,88690.0,Several brother.,4.0,91.48,365.92,Raf CAMP,16085320.0,SBININBB250,,,
16.json,,INV70773681,2023-01-04,2013-06-04,Richardson-Davis,"6479 Smith Causeway, East Camerontown, AS 38212 US",Cathy Nelson,"9187 Adams Flats Suite 868, East Josephchester, FL 26624 US",campbelljames@example.net,+1(867)907-3993,http://www.singh.com/,796.45,16.49,51.47,826.26,State Bank of California,,,,,,All payments to be made in cash. Contact us for queries on these quotations.,1. Please send payment within 8 days of receiving this invoice. There will be a 2.5% interest charge per month on late invoices. 2. Please include the Invoice number in your payment notes.,611961.0,Cost difference.,6.0,35.18,211.08,Raf CAMP,16085320.0,SBININBB250,,,
16.json,,INV70773681,2023-01-04,2013-06-04,Richardson-Davis,"6479 Smith Causeway, East Camerontown, AS 38212 US",Cathy Nelson,"9187 Adams Flats Suite 868, East Josephchester, FL 26624 US",campbelljames@example.net,+1(867)907-3993,http://www.singh.com/,796.45,16.49,51.47,826.26,State Bank of California,,,,,,All payments to be made in cash. Contact us for queries on these quotations.,1. Please send payment within 8 days of receiving this invoice. There will be a 2.5% interest charge per month on late invoices. 2. Please include the Invoice number in your payment notes.,483203.0,She well.,4.0,48.5,194.0,Raf CAMP,16085320.0,SBININBB250,,,
16.json,,INV70773681,2023-01-04,2013-06-04,Richardson-Davis,"6479 Smith Causeway, East Camerontown, AS 38212 US",Cathy Nelson,"9187 Adams Flats Suite 868, East Josephchester, FL 26624 US",campbelljames@example.net,+1(867)907-3993,http://www.singh.com/,796.45,16.49,51.47,826.26,State Bank of California,,,,,,All payments to be made in cash. Contact us for queries on these quotations.,1. Please send payment within 8 days of receiving this invoice. There will be a 2.5% interest charge per month on late invoices. 2. Please include the Invoice number in your payment notes.,73345.0,New PM provide.,5.0,5.09,25.45,Raf CAMP,16085320.0,SBININBB250,,,
17.json,,INV94276954,2011-07-17,1995-01-26,,"19021 Christopher Estate, South Williammouth, NH 22397 US",Christopher Rollins,"33383 Beard Way, Lake Gregoryfurt, WI 60269 US",natalie66@example.org,+1(313)514-8839,http://rivera.com/,798.47,24.51,42.39,,,,,,,,Total payment due in 14 days.,Terms and Conditions: will be charged if payment is not made within the due date.,,Enjoy decision true.,6.0,52.98,317.88,,,,,,
17.json,,INV94276954,2011-07-17,1995-01-26,,"19021 Christopher Estate, South Williammouth, NH 22397 US",Christopher Rollins,"33383 Beard Way, Lake Gregoryfurt, WI 60269 US",natalie66@example.org,+1(313)514-8839,http://rivera.com/,798.47,24.51,42.39,,,,,,,,Total payment due in 14 days.,Terms and Conditions: will be charged if payment is not made within the due date.,,Else evening leave.,3.0,96.35,289.05,,,,,,
17.json,,INV94276954,2011-07-17,1995-01-26,,"19021 Christopher Estate, South Williammouth, NH 22397 US",Christopher Rollins,"33383 Beard Way, Lake Gregoryfurt, WI 60269 US",natalie66@example.org,+1(313)514-8839,http://rivera.com/,798.47,24.51,42.39,,,,,,,,Total payment due in 14 days.,Terms and Conditions: will be charged if payment is not made within the due date.,,Quality radio key.,1.0,60.89,60.89,,,,,,
17.json,,INV94276954,2011-07-17,1995-01-26,,"19021 Christopher Estate, South Williammouth, NH 22397 US",Christopher Rollins,"33383 Beard Way, Lake Gregoryfurt, WI 60269 US",natalie66@example.org,+1(313)514-8839,http://rivera.com/,798.47,24.51,42.39,,,,,,,,Total payment due in 14 days.,Terms and Conditions: will be charged if payment is not made within the due date.,,Trade from who.,5.0,26.13,130.65,,,,,,
18.json,,,2010-11-19,1996-10-04,,"16424 Timothy Mission, Markville, AK 58294 US",Hannah Cabrera,"938 Brown Isle Apt. 858, Gregoryport, MD 27411 US",williamstheresa@example.org,+1(093)787-2495,http://carpenter.com/,523.96,10.69,19.75,535.8,State Bank of Europe,,,,,,All payments to be made in cash. Contact us for queries on these quotations.,Total in words: five hundred and thirty-five point eight,,Indeed view.,6.0,63.13,378.78,Raf CAMP,14427096.0,SBININBB250,,,
18.json,,,2010-11-19,1996-10-04,,"16424 Timothy Mission, Markville, AK 58294 US",Hannah Cabrera,"938 Brown Isle Apt. 858, Gregoryport, MD 27411 US",williamstheresa@example.org,+1(093)787-2495,http://carpenter.com/,523.96,10.69,19.75,535.8,State Bank of Europe,,,,,,All payments to be made in cash. Contact us for queries on these quotations.,Total in words: five hundred and thirty-five point eight,,Possible point person.,2.0,72.59,145.18,Raf CAMP,14427096.0,SBININBB250,,,
20.json,,3389-251,2001-03-11,1993-04-14,,"938 Gonzalez Key Suite 573, New Anitaport, MN 04941 US",Tara Chapman,"2465 Michelle Light Apt. 285, Lake Gregory, AK 50145 US",williamsjesse@example.org,+1(033)438-2701,https://sheppard.biz/,819.55,24.42,50.04,857.71,,,,,,,,,155664.0,Forward turn without.,6.0,12.32,73.92,,,,,,
20.json,,3389-251,2001-03-11,1993-04-14,,"938 Gonzalez Key Suite 573, New Anitaport, MN 04941 US",Tara Chapman,"2465 Michelle Light Apt. 285, Lake Gregory, AK 50145 US",williamsjesse@example.org,+1(033)438-2701,https://sheppard.biz/,819.55,24.42,50.04,857.71,,,,,,,,,127571.0,Sort and push.,2.0,44.42,88.84,,,,,,
20.json,,3389-251,2001-03-11,1993-04-14,,"938 Gonzalez Key Suite 573, New Anitaport, MN 04941 US",Tara Chapman,"2465 Michelle Light Apt. 285, Lake Gregory, AK 50145 US",williamsjesse@example.org,+1(033)438-2701,https://sheppard.biz/,819.55,24.42,50.04,857.71,,,,,,,,,728508.0,Sometimes main politics.,3.0,84.03,252.09,,,,,,
20.json,,3389-251,2001-03-11,1993-04-14,,"938 Gonzalez Key Suite 573, New Anitaport, MN 04941 US",Tara Chapman,"2465 Michelle Light Apt. 285, Lake Gregory, AK 50145 US",williamsjesse@example.org,+1(033)438-2701,https://sheppard.biz/,819.55,24.42,50.04,857.71,,,,,,,,,962992.0,Police magazine all.,6.0,67.45,404.7,,,,,,
21.json,,5549-446,2016-03-03,2021-01-29,Yoder LLC,"010 Jeffrey Glens, Port Toddport, DC 16594 US",Randall Torres,"6238 Harris Greens, New Valerivelle, NM 11882 US",ctaylor@example.com,+1(895)232-4149,https://hall-whitney.org/,160.52,,,160.52,,,,,,,Thank you for choosing us!,,,Board institution executive national.,2.0,48.35,96.7,,,,,,
21.json,,5549-446,2016-03-03,2021-01-29,Yoder LLC,"010 Jeffrey Glens, Port Toddport, DC 16594 US",Randall Torres,"6238 Harris Greens, New Valerivelle, NM 11882 US",ctaylor@example.com,+1(895)232-4149,https://hall-whitney.org/,160.52,,,160.52,,,,,,,Thank you for choosing us!,,,Relationship line.,2.0,31.91,63.82,,,,,,
22.json,,INV05374322,2018-12-20,2014-11-24,Murphy-Gallegos,"045 David Walk Suite 362, East Robert, NV 70596 US",Anna Garcia,"7226 Stevens Springs Suite 187, Lake Jamie, MP 23718 US",perkinsnicole@example.net,+1(004)910-6547,http://www.williams-smith.com/,652.75,,29.97,658.31,,,,,,,Thank you for your business!,Total in words: six hundred and fifty-eight point three one,,Just opportunity role threat.,4.0,49.72,198.88,,,,,,
22.json,,INV05374322,2018-12-20,2014-11-24,Murphy-Gallegos,"045 David Walk Suite 362, East Robert, NV 70596 US",Anna Garcia,"7226 Stevens Springs Suite 187, Lake Jamie, MP 23718 US",perkinsnicole@example.net,+1(004)910-6547,http://www.williams-smith.com/,652.75,,29.97,658.31,,,,,,,Thank you for your business!,Total in words: six hundred and fifty-eight point three one,,After issue out.,3.0,96.69,290.07,,,,,,
22.json,,INV05374322,2018-12-20,2014-11-24,Murphy-Gallegos,"045 David Walk Suite 362, East Robert, NV 70596 US",Anna Garcia,"7226 Stevens Springs Suite 187, Lake Jamie, MP 23718 US",perkinsnicole@example.net,+1(004)910-6547,http://www.williams-smith.com/,652.75,,29.97,658.31,,,,,,,Thank you for your business!,Total in words: six hundred and fifty-eight point three one,,Fly morning happen.,6.0,27.3,163.8,,,,,,
23.json,,,2001-07-25,1999-10-17,Huff-Bryan,"2180 Michael Ridges Apt. 385, Port Lindsey, MP 98258 US",Nicole Holmes,"36651 Atkins Way Suite 652, Harrisbury, SD 50616 US",liljames@example.com,+1(828)357-6246,http://stewart-thomas.com/,938.12,42.03,,971.87,,,,,,,Thank you for choosing us!,,,Bar partner.,6.0,38.14,228.84,,,,,,
23.json,,,2001-07-25,1999-10-17,Huff-Bryan,"2180 Michael Ridges Apt. 385, Port Lindsey, MP 98258 US",Nicole Holmes,"36651 Atkins Way Suite 652, Harrisbury, SD 50616 US",liljames@example.com,+1(828)357-6246,http://stewart-thomas.com/,938.12,42.03,,971.87,,,,,,,Thank you for choosing us!,,,Management reduce me.,2.0,41.85,83.7,,,,,,
23.json,,,2001-07-25,1999-10-17,Huff-Bryan,"2180 Michael Ridges Apt. 385, Port Lindsey, MP 98258 US",Nicole Holmes,"36651 Atkins Way Suite 652, Harrisbury, SD 50616 US",liljames@example.com,+1(828)357-6246,http://stewart-thomas.com/,938.12,42.03,,971.87,,,,,,,Thank you for choosing us!,,,Herself alone stuff.,2.0,38.24,76.48,,,,,,
23.json,,,2001-07-25,1999-10-17,Huff-Bryan,"2180 Michael Ridges Apt. 385, Port Lindsey, MP 98258 US",Nicole Holmes,"36651 Atkins Way Suite 652, Harrisbury, SD 50616 US",liljames@example.com,+1(828)357-6246,http://stewart-thomas.com/,938.12,42.03,,971.87,,,,,,,Thank you for choosing us!,,,Stay court.,6.0,88.7,532.2,,,,,,
23.json,,,2001-07-25,1999-10-17,Huff-Bryan,"2180 Michael Ridges Apt. 385, Port Lindsey, MP 98258 US",Nicole Holmes,"36651 Atkins Way Suite 652, Harrisbury, SD 50616 US",liljames@example.com,+1(828)357-6246,http://stewart-thomas.com/,938.12,42.03,,971.87,,,,,,,Thank you for choosing us!,,,Attorney question standard most.,2.0,8.45,16.9,,,,,,
24.json,,0551-467,1993-01-27,2014-11-17,"Berg, Ward and Wright","5776 Whitney Meadow, West Adriennebury, ID 40049 US",Lisa Edwards,"45408 Dunn Prairie Suite 940, South Joan, KY 20203 US",vspence@example.org,+1(553)144-2538,http://www.rose.com/,826.51,,28.65,834.58,,,,,,,Total in words: eight hundred and thirty-four point five eight,,,Very pull.,2.0,78.9,157.8,,,,,,
24.json,,0551-467,1993-01-27,2014-11-17,"Berg, Ward and Wright","5776 Whitney Meadow, West Adriennebury, ID 40049 US",Lisa Edwards,"45408 Dunn Prairie Suite 940, South Joan, KY 20203 US",vspence@example.org,+1(553)144-2538,http://www.rose.com/,826.51,,28.65,834.58,,,,,,,Total in words: eight hundred and thirty-four point five eight,,,Raise speak.,5.0,95.91,479.55,,,,,,
24.json,,0551-467,1993-01-27,2014-11-17,"Berg, Ward and Wright","5776 Whitney Meadow, West Adriennebury, ID 40049 US",Lisa Edwards,"45408 Dunn Prairie Suite 940, South Joan, KY 20203 US",vspence@example.org,+1(553)144-2538,http://www.rose.com/,826.51,,28.65,834.58,,,,,,,Total in words: eight hundred and thirty-four point five eight,,,Star fight.,4.0,29.74,118.96,,,,,,
24.json,,0551-467,1993-01-27,2014-11-17,"Berg, Ward and Wright","5776 Whitney Meadow, West Adriennebury, ID 40049 US",Lisa Edwards,"45408 Dunn Prairie Suite 940, South Joan, KY 20203 US",vspence@example.org,+1(553)144-2538,http://www.rose.com/,826.51,,28.65,834.58,,,,,,,Total in words: eight hundred and thirty-four point five eight,,,Knowledge himself least.,6.0,11.7,70.2,,,,,,
29.json,,0612-094,2002-09-15,,Bailey Group,"233 Foster Gardens, Johnburgh, ID 41900 US",Amber Suarez,"602 Alicia Island Apt. 245, Lake Joshuafurt, HI 07962 US",michelleleonard@example.net,+1(477)539-8631,https://stout.com/,424.6,,21.97,431.71,,,,,,,This order is shipped through blue dart courier,Total in words: four hundred and thirty-one point seven one,976594.0,Executive ago.,5.0,76.82,384.1,,,,,,
29.json,,0612-094,2002-09-15,,Bailey Group,"233 Foster Gardens, Johnburgh, ID 41900 US",Amber Suarez,"602 Alicia Island Apt. 245, Lake Joshuafurt, HI 07962 US",michelleleonard@example.net,+1(477)539-8631,https://stout.com/,424.6,,21.97,431.71,,,,,,,This order is shipped through blue dart courier,Total in words: four hundred and thirty-one point seven one,686905.0,Condition even no discuss.,1.0,40.5,40.5,,,,,,
31.json,,9904-224,2008-09-27,1994-04-30,Faulkner LLC,"841 Marshall Knolls, Timothystad, SC 63653 US",Brandy Jones,"529 Lisa Ports, Langmouth, NE 04570 US",mary26@example.net,+1(816)994-4699,http://lopez-scott.com/,637.04,13.84,,652.88,,,,,,,,1. Please send payment within 8 days of receiving this invoice. There will be a 2.5% interest charge per month on late invoices. 2. Please include the Invoice number in your payment notes.,,Student fly our.,5.0,86.52,432.6,,,,,,
31.json,,9904-224,2008-09-27,1994-04-30,Faulkner LLC,"841 Marshall Knolls, Timothystad, SC 63653 US",Brandy Jones,"529 Lisa Ports, Langmouth, NE 04570 US",mary26@example.net,+1(816)994-4699,http://lopez-scott.com/,637.04,13.84,,652.88,,,,,,,,1. Please send payment within 8 days of receiving this invoice. There will be a 2.5% interest charge per month on late invoices. 2. Please include the Invoice number in your payment notes.,,Consumer amount bring.,3.0,44.98,134.94,,,,,,
31.json,,9904-224,2008-09-27,1994-04-30,Faulkner LLC,"841 Marshall Knolls, Timothystad, SC 63653 US",Brandy Jones,"529 Lisa Ports, Langmouth, NE 04570 US",mary26@example.net,+1(816)994-4699,http://lopez-scott.com/,637.04,13.84,,652.88,,,,,,,,1. Please send payment within 8 days of receiving this invoice. There will be a 2.5% interest charge per month on late invoices. 2. Please include the Invoice number in your payment notes.,,Capital never technology catch.,1.0,26.3,26.3,,,,,,
31.json,,9904-224,2008-09-27,1994-04-30,Faulkner LLC,"841 Marshall Knolls, Timothystad, SC 63653 US",Brandy Jones,"529 Lisa Ports, Langmouth, NE 04570 US",mary26@example.net,+1(816)994-4699,http://lopez-scott.com/,637.04,13.84,,652.88,,,,,,,,1. Please send payment within 8 days of receiving this invoice. There will be a 2.5% interest charge per month on late invoices. 2. Please include the Invoice number in your payment notes.,,Raise growth office large.,1.0,43.98,43.98,,,,,,
33.json,,9067-093,2018-05-28,,,"61959 Fernando Island Apt. 694, South Jessica, CT 86255 US",Kimberly Baxter,"6004 Wilcox Burgs, South Joshuastad, SD 55912 US",hrose@example.com,+1(682)487-8699,http://craig-espinoza.com/,979.2,,,1019.01,,,,,,,Total payment due in 14 days.,Total in words: one thousand and nineteen point zero one,,Expert stop visit.,1.0,29.28,29.28,,,,,,
33.json,,9067-093,2018-05-28,,,"61959 Fernando Island Apt. 694, South Jessica, CT 86255 US",Kimberly Baxter,"6004 Wilcox Burgs, South Joshuastad, SD 55912 US",hrose@example.com,+1(682)487-8699,http://craig-espinoza.com/,979.2,,,1019.01,,,,,,,Total payment due in 14 days.,Total in words: one thousand and nineteen point zero one,,Thank hope who.,6.0,87.59,525.54,,,,,,
33.json,,9067-093,2018-05-28,,,"61959 Fernando Island Apt. 694, South Jessica, CT 86255 US",Kimberly Baxter,"6004 Wilcox Burgs, South Joshuastad, SD 55912 US",hrose@example.com,+1(682)487-8699,http://craig-espinoza.com/,979.2,,,1019.01,,,,,,,Total payment due in 14 days.,Total in words: one thousand and nineteen point zero one,,Popular wear safe.,6.0,12.87,77.22,,,,,,
33.json,,9067-093,2018-05-28,,,"61959 Fernando Island Apt. 694, South Jessica, CT 86255 US",Kimberly Baxter,"6004 Wilcox Burgs, South Joshuastad, SD 55912 US",hrose@example.com,+1(682)487-8699,http://craig-espinoza.com/,979.2,,,1019.01,,,,,,,Total payment due in 14 days.,Total in words: one thousand and nineteen point zero one,,Election medical hospital.,6.0,15.32,91.92,,,,,,
33.json,,9067-093,2018-05-28,,,"61959 Fernando Island Apt. 694, South Jessica, CT 86255 US",Kimberly Baxter,"6004 Wilcox Burgs, South Joshuastad, SD 55912 US",hrose@example.com,+1(682)487-8699,http://craig-espinoza.com/,979.2,,,1019.01,,,,,,,Total payment due in 14 days.,Total in words: one thousand and nineteen point zero one,,Build financial seem.,4.0,63.81,255.24,,,,,,
34.json,,,2016-04-23,,,"86143 Ruth Isle Apt. 608, Ashleyshire, TN 12593 US",Jill Ruiz,"8880 Tony Mountains, Port Michelle, NV 94341 US",rtyler@example.com,+1(865)734-7071,http://www.anderson-hines.com/,844.43,,47.2,860.55,State Bank of England,,,,,,,,,Interest involve environment.,3.0,26.82,80.46,Raf CAMP,16243653.0,SBININBB250,,,
34.json,,,2016-04-23,,,"86143 Ruth Isle Apt. 608, Ashleyshire, TN 12593 US",Jill Ruiz,"8880 Tony Mountains, Port Michelle, NV 94341 US",rtyler@example.com,+1(865)734-7071,http://www.anderson-hines.com/,844.43,,47.2,860.55,State Bank of England,,,,,,,,,Card site.,6.0,91.23,547.38,Raf CAMP,16243653.0,SBININBB250,,,
34.json,,,2016-04-23,,,"86143 Ruth Isle Apt. 608, Ashleyshire, TN 12593 US",Jill Ruiz,"8880 Tony Mountains, Port Michelle, NV 94341 US",rtyler@example.com,+1(865)734-7071,http://www.anderson-hines.com/,844.43,,47.2,860.55,State Bank of England,,,,,,,,,Air measure.,6.0,30.5,183.0,Raf CAMP,16243653.0,SBININBB250,,,
34.json,,,2016-04-23,,,"86143 Ruth Isle Apt. 608, Ashleyshire, TN 12593 US",Jill Ruiz,"8880 Tony Mountains, Port Michelle, NV 94341 US",rtyler@example.com,+1(865)734-7071,http://www.anderson-hines.com/,844.43,,47.2,860.55,State Bank of England,,,,,,,,,Father resource career.,1.0,33.59,33.59,Raf CAMP,16243653.0,SBININBB250,,,
36.json,,INV/67-71/094,2004-07-23,2003-12-25,,"938 Gonzalez Key Suite 573, New Anitaport, MN 04941 US",Rodney Hogan,"504 Kennedy Pine, Jenniferhaven, IA 55190 US",merrittkatherine@example.net,+1(118)387-4022,https://www.mason-ford.com/,802.23,14.6,55.17,819.78,,,,,,,,,193903.0,Political deep.,2.0,98.44,196.88,,,,,,
36.json,,INV/67-71/094,2004-07-23,2003-12-25,,"938 Gonzalez Key Suite 573, New Anitaport, MN 04941 US",Rodney Hogan,"504 Kennedy Pine, Jenniferhaven, IA 55190 US",merrittkatherine@example.net,+1(118)387-4022,https://www.mason-ford.com/,802.23,14.6,55.17,819.78,,,,,,,,,325506.0,Door business and.,1.0,57.9,57.9,,,,,,
36.json,,INV/67-71/094,2004-07-23,2003-12-25,,"938 Gonzalez Key Suite 573, New Anitaport, MN 04941 US",Rodney Hogan,"504 Kennedy Pine, Jenniferhaven, IA 55190 US",merrittkatherine@example.net,+1(118)387-4022,https://www.mason-ford.com/,802.23,14.6,55.17,819.78,,,,,,,,,189264.0,Gun pay hot.,4.0,49.55,198.2,,,,,,
36.json,,INV/67-71/094,2004-07-23,2003-12-25,,"938 Gonzalez Key Suite 573, New Anitaport, MN 04941 US",Rodney Hogan,"504 Kennedy Pine, Jenniferhaven, IA 55190 US",merrittkatherine@example.net,+1(118)387-4022,https://www.mason-ford.com/,802.23,14.6,55.17,819.78,,,,,,,,,878067.0,Financial cost through.,5.0,69.85,349.25,,,,,,
38.json,,5827-575,2005-10-31,,,,Wesley Silva,"49782 Cherry Cliff Apt. 361, South Mark, PW 86028 US",iperry@example.net,+1(071)912-7452,https://www.lambert.biz/,464.25,,,464.25,,,,,,,,,859358.0,Experience western response.,5.0,80.16,400.8,,,,,,
38.json,,5827-575,2005-10-31,,,,Wesley Silva,"49782 Cherry Cliff Apt. 361, South Mark, PW 86028 US",iperry@example.net,+1(071)912-7452,https://www.lambert.biz/,464.25,,,464.25,,,,,,,,,403819.0,Firm bit growth.,1.0,63.45,63.45,,,,,,
39.json,,INV/55-61/025,2003-01-28,,"Barnes, Garcia and Martin","13868 Michael Wall, North Cindytown, CT 45483 US",Dr. Charles Martin,"88649 Williams Wells Suite 160, Chapmanfurt, OR 08912 US",clee@example.net,+1(978)499-5509,https://nelson.net/,55.63,,3.89,56.58,,,,,,,,,,Or their across.,4.0,9.25,37.0,,,,,,
39.json,,INV/55-61/025,2003-01-28,,"Barnes, Garcia and Martin","13868 Michael Wall, North Cindytown, CT 45483 US",Dr. Charles Martin,"88649 Williams Wells Suite 160, Chapmanfurt, OR 08912 US",clee@example.net,+1(978)499-5509,https://nelson.net/,55.63,,3.89,56.58,,,,,,,,,,Fund sea.,3.0,6.21,18.63,,,,,,
42.json,,INV48337135,2012-09-13,1994-12-18,Murphy-Gallegos,"045 David Walk Suite 362, East Robert, NV 70596 US",Elizabeth Hughes,"66000 Williams Springs Apt. 228, Lewisborough, MA 32473 US",perezleslie@example.net,+1(035)985-2361,https://ward-mathews.com/,396.23,,19.43,405.71,,,,,,,Thank you for choosing us!,Total in words: four hundred and five point seven one,,Name pick best movement.,2.0,95.98,191.96,,,,,,
42.json,,INV48337135,2012-09-13,1994-12-18,Murphy-Gallegos,"045 David Walk Suite 362, East Robert, NV 70596 US",Elizabeth Hughes,"66000 Williams Springs Apt. 228, Lewisborough, MA 32473 US",perezleslie@example.net,+1(035)985-2361,https://ward-mathews.com/,396.23,,19.43,405.71,,,,,,,Thank you for choosing us!,Total in words: four hundred and five point seven one,,President current.,3.0,68.09,204.27,,,,,,
43.json,,2Y2M7d-846,2005-02-23,,,"66636 Hernandez Loaf Suite 714, Lisafurt, LA 33980 US",Kelly Keller,"989 Laura Walks Suite 199, Lake Tracy, GU 67786 US",patrick41@example.org,+1(358)481-6807,https://nichols-hernandez.biz/,257.76,,,266.63,,,,,,,All payments to be made in cash. Contact us for queries on these quotations.,Total in words: two hundred and sixty-six point six three,,Career theory.,5.0,8.4,42.0,,,,,,
43.json,,2Y2M7d-846,2005-02-23,,,"66636 Hernandez Loaf Suite 714, Lisafurt, LA 33980 US",Kelly Keller,"989 Laura Walks Suite 199, Lake Tracy, GU 67786 US",patrick41@example.org,+1(358)481-6807,https://nichols-hernandez.biz/,257.76,,,266.63,,,,,,,All payments to be made in cash. Contact us for queries on these quotations.,Total in words: two hundred and sixty-six point six three,,Major expect statement.,3.0,25.62,76.86,,,,,,
43.json,,2Y2M7d-846,2005-02-23,,,"66636 Hernandez Loaf Suite 714, Lisafurt, LA 33980 US",Kelly Keller,"989 Laura Walks Suite 199, Lake Tracy, GU 67786 US",patrick41@example.org,+1(358)481-6807,https://nichols-hernandez.biz/,257.76,,,266.63,,,,,,,All payments to be made in cash. Contact us for queries on these quotations.,Total in words: two hundred and sixty-six point six three,,By wife perhaps.,6.0,23.15,138.9,,,,,,
47.json,,INV/87-40/070,2021-05-21,1997-06-17,White and Sons,,Joseph Kaufman,"3166 Chad Underpass Suite 961, Guzmanside, ID 37289 US",bradley79@example.net,+1(508)118-3312,http://lee-moyer.info/,883.15,,79.48,886.97,,,,,,,,,,Anyone best.,4.0,11.14,44.56,,,,,,
47.json,,INV/87-40/070,2021-05-21,1997-06-17,White and Sons,,Joseph Kaufman,"3166 Chad Underpass Suite 961, Guzmanside, ID 37289 US",bradley79@example.net,+1(508)118-3312,http://lee-moyer.info/,883.15,,79.48,886.97,,,,,,,,,,Tough money south.,3.0,69.64,208.92,,,,,,
47.json,,INV/87-40/070,2021-05-21,1997-06-17,White and Sons,,Joseph Kaufman,"3166 Chad Underpass Suite 961, Guzmanside, ID 37289 US",bradley79@example.net,+1(508)118-3312,http://lee-moyer.info/,883.15,,79.48,886.97,,,,,,,,,,Dinner evidence his.,1.0,6.06,6.06,,,,,,
47.json,,INV/87-40/070,2021-05-21,1997-06-17,White and Sons,,Joseph Kaufman,"3166 Chad Underpass Suite 961, Guzmanside, ID 37289 US",bradley79@example.net,+1(508)118-3312,http://lee-moyer.info/,883.15,,79.48,886.97,,,,,,,,,,Admit without true.,4.0,92.54,370.16,,,,,,
47.json,,INV/87-40/070,2021-05-21,1997-06-17,White and Sons,,Joseph Kaufman,"3166 Chad Underpass Suite 961, Guzmanside, ID 37289 US",bradley79@example.net,+1(508)118-3312,http://lee-moyer.info/,883.15,,79.48,886.97,,,,,,,,,,Huge scientist general.,5.0,50.69,253.45,,,,,,
49.json,,INV/88-98/805,2004-02-28,2022-08-07,"Parker, Phillips and Thomas","8580 Morgan Forge Suite 534, North Michaelchester, VT 71194 US",Matthew Bradley,"18077 Kayla Island, Andrewborough, MH 26704 US",ineal@example.net,+1(095)250-7945,https://www.obrien.biz/,499.15,,,516.38,State Bank of California,,,,,,,,,Be.,6.0,28.7,172.2,Raf CAMP,11662852.0,SBININBB250,,,
49.json,,INV/88-98/805,2004-02-28,2022-08-07,"Parker, Phillips and Thomas","8580 Morgan Forge Suite 534, North Michaelchester, VT 71194 US",Matthew Bradley,"18077 Kayla Island, Andrewborough, MH 26704 US",ineal@example.net,+1(095)250-7945,https://www.obrien.biz/,499.15,,,516.38,State Bank of California,,,,,,,,,Receive itself keep.,3.0,36.35,109.05,Raf CAMP,11662852.0,SBININBB250,,,
49.json,,INV/88-98/805,2004-02-28,2022-08-07,"Parker, Phillips and Thomas","8580 Morgan Forge Suite 534, North Michaelchester, VT 71194 US",Matthew Bradley,"18077 Kayla Island, Andrewborough, MH 26704 US",ineal@example.net,+1(095)250-7945,https://www.obrien.biz/,499.15,,,516.38,State Bank of California,,,,,,,,,Apply over statement.,5.0,43.58,217.9,Raf CAMP,11662852.0,SBININBB250,,,
50.json,,INV15963902,2000-05-26,2001-03-21,Kelly-Moss,"6030 Willie Shores Suite 354, Guerraton, TX 60058 US",Lawrence Mills,"8640 Smith Square Apt. 450, Cranebury, MN 05215 US",brownchristopher@example.org,+1(283)385-6245,https://hamilton.com/,826.16,,462.65,851.51,,,,,,,,,,Leader that.,5.0,74.32,371.6,,,,,,
50.json,,INV15963902,2000-05-26,2001-03-21,Kelly-Moss,"6030 Willie Shores Suite 354, Guerraton, TX 60058 US",Lawrence Mills,"8640 Smith Square Apt. 450, Cranebury, MN 05215 US",brownchristopher@example.org,+1(283)385-6245,https://hamilton.com/,826.16,,462.65,851.51,,,,,,,,,,Treat shoulder.,5.0,74.49,372.45,,,,,,
50.json,,INV15963902,2000-05-26,2001-03-21,Kelly-Moss,"6030 Willie Shores Suite 354, Guerraton, TX 60058 US",Lawrence Mills,"8640 Smith Square Apt. 450, Cranebury, MN 05215 US",brownchristopher@example.org,+1(283)385-6245,https://hamilton.com/,826.16,,462.65,851.51,,,,,,,,,,Pull movement son.,1.0,76.66,76.66,,,,,,
50.json,,INV15963902,2000-05-26,2001-03-21,Kelly-Moss,"6030 Willie Shores Suite 354, Guerraton, TX 60058 US",Lawrence Mills,"8640 Smith Square Apt. 450, Cranebury, MN 05215 US",brownchristopher@example.org,+1(283)385-6245,https://hamilton.com/,826.16,,462.65,851.51,,,,,,,,,,Again evening more.,5.0,1.09,5.45,,,,,,
51.json,,5Y4M9d-284,2012-09-29,2003-04-04,Yoder LLC,"010 Jeffrey Glens, Port Toddport, DC 16594 US",Margaret Flores,"74838 Smith Pines, East Mariah, DE 11741 US",sabrina92@example.org,+1(798)014-6137,https://young.com/,882.92,,,882.92,,,,,,,Thank you for choosing us!,,,Provide picture particular.,4.0,69.69,278.76,,,,,,
51.json,,5Y4M9d-284,2012-09-29,2003-04-04,Yoder LLC,"010 Jeffrey Glens, Port Toddport, DC 16594 US",Margaret Flores,"74838 Smith Pines, East Mariah, DE 11741 US",sabrina92@example.org,+1(798)014-6137,https://young.com/,882.92,,,882.92,,,,,,,Thank you for choosing us!,,,What alone.,3.0,45.93,137.79,,,,,,
51.json,,5Y4M9d-284,2012-09-29,2003-04-04,Yoder LLC,"010 Jeffrey Glens, Port Toddport, DC 16594 US",Margaret Flores,"74838 Smith Pines, East Mariah, DE 11741 US",sabrina92@example.org,+1(798)014-6137,https://young.com/,882.92,,,882.92,,,,,,,Thank you for choosing us!,,,Sea car word.,2.0,88.3,176.6,,,,,,
51.json,,5Y4M9d-284,2012-09-29,2003-04-04,Yoder LLC,"010 Jeffrey Glens, Port Toddport, DC 16594 US",Margaret Flores,"74838 Smith Pines, East Mariah, DE 11741 US",sabrina92@example.org,+1(798)014-6137,https://young.com/,882.92,,,882.92,,,,,,,Thank you for choosing us!,,,Keep song citizen.,2.0,49.96,99.92,,,,,,
51.json,,5Y4M9d-284,2012-09-29,2003-04-04,Yoder LLC,"010 Jeffrey Glens, Port Toddport, DC 16594 US",Margaret Flores,"74838 Smith Pines, East Mariah, DE 11741 US",sabrina92@example.org,+1(798)014-6137,https://young.com/,882.92,,,882.92,,,,,,,Thank you for choosing us!,,,Hotel time effect.,5.0,37.97,189.85,,,,,,
53.json,,9Y2M9d-571,2004-02-26,2001-08-23,Murphy-Gallegos,"045 David Walk Suite 362, East Robert, NV 70596 US",Travis Shaffer,"880 Barry Common Apt. 920, North Kelseyborough, AK 55900 US",rwhite@example.org,+1(457)576-6082,https://www.austin-massey.info/,461.07,,26.59,474.8,,,,,,,Thank you for choosing us!,Total in words: four hundred and seventy-four point eight,,Large explain response.,5.0,44.13,220.65,,,,,,
53.json,,9Y2M9d-571,2004-02-26,2001-08-23,Murphy-Gallegos,"045 David Walk Suite 362, East Robert, NV 70596 US",Travis Shaffer,"880 Barry Common Apt. 920, North Kelseyborough, AK 55900 US",rwhite@example.org,+1(457)576-6082,https://www.austin-massey.info/,461.07,,26.59,474.8,,,,,,,Thank you for choosing us!,Total in words: four hundred and seventy-four point eight,,Sometimes none conference.,6.0,40.07,240.42,,,,,,
57.json,,,2019-04-18,1997-12-06,,"16424 Timothy Mission, Markville, AK 58294 US",Jasmine Davis,"911 Wallace Camp Suite 905, New Lindahaven, PW 51031 US",vbarnes@example.org,+1(810)203-4116,https://ortiz.com/,592.65,22.64,25.66,590.93,State Bank of Europe,,,,,,Thank you for choosing us!,Total in words: five hundred and ninety point nine three,,Attack water.,1.0,11.11,11.11,Raf CAMP,18582412.0,SBININBB250,,,
57.json,,,2019-04-18,1997-12-06,,"16424 Timothy Mission, Markville, AK 58294 US",Jasmine Davis,"911 Wallace Camp Suite 905, New Lindahaven, PW 51031 US",vbarnes@example.org,+1(810)203-4116,https://ortiz.com/,592.65,22.64,25.66,590.93,State Bank of Europe,,,,,,Thank you for choosing us!,Total in words: five hundred and ninety point nine three,,Stuff choice.,4.0,98.39,393.56,Raf CAMP,18582412.0,SBININBB250,,,
57.json,,,2019-04-18,1997-12-06,,"16424 Timothy Mission, Markville, AK 58294 US",Jasmine Davis,"911 Wallace Camp Suite 905, New Lindahaven, PW 51031 US",vbarnes@example.org,+1(810)203-4116,https://ortiz.com/,592.65,22.64,25.66,590.93,State Bank of Europe,,,,,,Thank you for choosing us!,Total in words: five hundred and ninety point nine three,,Offer today over.,6.0,31.33,187.98,Raf CAMP,18582412.0,SBININBB250,,,
6.json,,2637-094,2002-07-10,,Patel-Reid,"223 Kristen Mission Suite 986, Hernandezport, DE 40016 US",Peter Casey,"61452 William Mountain, West Dennis, NJ 43110 US",reedrussell@example.org,+1(204)353-6595,http://mcguire.com/,550.14,,,550.14,,,,,,,Total payment due in 14 days.,,602334.0,Between must.,6.0,17.79,106.74,,,,,,
6.json,,2637-094,2002-07-10,,Patel-Reid,"223 Kristen Mission Suite 986, Hernandezport, DE 40016 US",Peter Casey,"61452 William Mountain, West Dennis, NJ 43110 US",reedrussell@example.org,+1(204)353-6595,http://mcguire.com/,550.14,,,550.14,,,,,,,Total payment due in 14 days.,,168750.0,Become three.,3.0,87.27,261.81,,,,,,
6.json,,2637-094,2002-07-10,,Patel-Reid,"223 Kristen Mission Suite 986, Hernandezport, DE 40016 US",Peter Casey,"61452 William Mountain, West Dennis, NJ 43110 US",reedrussell@example.org,+1(204)353-6595,http://mcguire.com/,550.14,,,550.14,,,,,,,Total payment due in 14 days.,,546730.0,We add.,4.0,28.92,115.68,,,,,,
6.json,,2637-094,2002-07-10,,Patel-Reid,"223 Kristen Mission Suite 986, Hernandezport, DE 40016 US",Peter Casey,"61452 William Mountain, West Dennis, NJ 43110 US",reedrussell@example.org,+1(204)353-6595,http://mcguire.com/,550.14,,,550.14,,,,,,,Total payment due in 14 days.,,564268.0,President occur star.,1.0,20.38,20.38,,,,,,
6.json,,2637-094,2002-07-10,,Patel-Reid,"223 Kristen Mission Suite 986, Hernandezport, DE 40016 US",Peter Casey,"61452 William Mountain, West Dennis, NJ 43110 US",reedrussell@example.org,+1(204)353-6595,http://mcguire.com/,550.14,,,550.14,,,,,,,Total payment due in 14 days.,,527723.0,Today college section.,1.0,45.53,45.53,,,,,,
61.json,,9Y4M2d-488,2002-10-26,1998-03-02,,"02850 Nicole Ferry Apt. 873, Lake Antonishire, MA 17317 US",,,,,,480.75,,,484.9,Central Bank of England,,,,,,All payments to be made in cash. Contact us for queries on these quotations.,Terms and Conditions: will be charged if payment is not made within the due date.,228605.0,Tonight fund human side.,2.0,45.38,90.76,Raf CAMP,19819762.0,SBININBB250,,,
61.json,,9Y4M2d-488,2002-10-26,1998-03-02,,"02850 Nicole Ferry Apt. 873, Lake Antonishire, MA 17317 US",,,,,,480.75,,,484.9,Central Bank of England,,,,,,All payments to be made in cash. Contact us for queries on these quotations.,Terms and Conditions: will be charged if payment is not made within the due date.,989537.0,Whole main tough.,5.0,40.77,203.85,Raf CAMP,19819762.0,SBININBB250,,,
61.json,,9Y4M2d-488,2002-10-26,1998-03-02,,"02850 Nicole Ferry Apt. 873, Lake Antonishire, MA 17317 US",,,,,,480.75,,,484.9,Central Bank of England,,,,,,All payments to be made in cash. Contact us for queries on these quotations.,Terms and Conditions: will be charged if payment is not made within the due date.,569233.0,Form enough.,2.0,93.07,186.14,Raf CAMP,19819762.0,SBININBB250,,,
67.json,,INV/05-63/473,2013-11-12,2000-01-15,Brooks LLC,"9950 Santos Squares, Garzafurt, MH 31937 US",Laura Adkins,"6097 Krystal Skyway Suite 977, East Christopherstown, SC 91004 US",brianna04@example.org,+1(208)907-1981,http://www.kerr-patton.com/,217.91,,19.61,226.66,Central Bank of California,,,,,,Total payment due in 14 days.,Total in words: two hundred and twenty-six point six six,398925.0,Feel night trip.,1.0,41.54,41.54,Raf CAMP,11110838.0,SBININBB250,,,
67.json,,INV/05-63/473,2013-11-12,2000-01-15,Brooks LLC,"9950 Santos Squares, Garzafurt, MH 31937 US",Laura Adkins,"6097 Krystal Skyway Suite 977, East Christopherstown, SC 91004 US",brianna04@example.org,+1(208)907-1981,http://www.kerr-patton.com/,217.91,,19.61,226.66,Central Bank of California,,,,,,Total payment due in 14 days.,Total in words: two hundred and twenty-six point six six,14027.0,Great claim try.,3.0,36.56,109.68,Raf CAMP,11110838.0,SBININBB250,,,
67.json,,INV/05-63/473,2013-11-12,2000-01-15,Brooks LLC,"9950 Santos Squares, Garzafurt, MH 31937 US",Laura Adkins,"6097 Krystal Skyway Suite 977, East Christopherstown, SC 91004 US",brianna04@example.org,+1(208)907-1981,http://www.kerr-patton.com/,217.91,,19.61,226.66,Central Bank of California,,,,,,Total payment due in 14 days.,Total in words: two hundred and twenty-six point six six,58820.0,Respond indeed.,1.0,66.69,66.69,Raf CAMP,11110838.0,SBININBB250,,,
68.json,,INV/81-29/926,2020-06-04,2003-05-13,Morton-Leach,"98324 Espinoza View, North Olivia, NY 66612 US",Brittany Ramos,"72262 Dominguez Pine Suite 236, Campobesrg, NY 99238 US",lsanchez@example.net,+1(183)822-7670,http://peterson.com/,302.08,,11.18,307.82,State Bank of India,,,,,,This order is shipped through blue dart courier,,,Smile personal.,6.0,26.85,161.1,Raf CAMP,20000004512.0,SBININBB250,,,
68.json,,INV/81-29/926,2020-06-04,2003-05-13,Morton-Leach,"98324 Espinoza View, North Olivia, NY 66612 US",Brittany Ramos,"72262 Dominguez Pine Suite 236, Campobesrg, NY 99238 US",lsanchez@example.net,+1(183)822-7670,http://peterson.com/,302.08,,11.18,307.82,State Bank of India,,,,,,This order is shipped through blue dart courier,,,Floor military remain.,2.0,70.49,140.98,Raf CAMP,20000004512.0,SBININBB250,,,
7.json,,INV/62-03/343,2002-08-05,2004-12-04,"Graham, Carrillo and Stark","8110 Lee Haven, West Michele, IN 23979 US",Katie Phillips,"4020 Johnny Fork, South Kimburgh, AZ 84325 US",delgadowilliam@example.net,+1(968)592-7253,http://barker.com/,722.28,,,720.38,State Bank of Europe,,,,,,Total in words: seven hundred and twenty point three eight.,1. Please send payment within 8 days of receiving this invoice. There will be a 2.5% interest charge per month on late invoices. 2. Please include the Invoice number in your payment notes.,,Behind citizen.,6.0,,,,,,,,
7.json,,INV/62-03/343,2002-08-05,2004-12-04,"Graham, Carrillo and Stark","8110 Lee Haven, West Michele, IN 23979 US",Katie Phillips,"4020 Johnny Fork, South Kimburgh, AZ 84325 US",delgadowilliam@example.net,+1(968)592-7253,http://barker.com/,722.28,,,720.38,State Bank of Europe,,,,,,Total in words: seven hundred and twenty point three eight.,1. Please send payment within 8 days of receiving this invoice. There will be a 2.5% interest charge per month on late invoices. 2. Please include the Invoice number in your payment notes.,,Prove meeting near.,6.0,,,,,,,,
73.json,,,2005-12-16,1999-09-16,,"05866 Velazquez Mount, North Diane, NJ 20651 US",Sara Brown,"202 Fuller Causeway, Alexville, FM 55286 US",edwardflowers@example.com,+1(057)559-5528,https://www.brock.com/,635.62,,42.3,649.95,,,,,,,,,,Sound approach.,6.0,3.34,20.04,,,,,,
73.json,,,2005-12-16,1999-09-16,,"05866 Velazquez Mount, North Diane, NJ 20651 US",Sara Brown,"202 Fuller Causeway, Alexville, FM 55286 US",edwardflowers@example.com,+1(057)559-5528,https://www.brock.com/,635.62,,42.3,649.95,,,,,,,,,,Interesting ball role.,4.0,39.27,157.08,,,,,,
73.json,,,2005-12-16,1999-09-16,,"05866 Velazquez Mount, North Diane, NJ 20651 US",Sara Brown,"202 Fuller Causeway, Alexville, FM 55286 US",edwardflowers@example.com,+1(057)559-5528,https://www.brock.com/,635.62,,42.3,649.95,,,,,,,,,,Listen.,4.0,92.44,369.76,,,,,,
73.json,,,2005-12-16,1999-09-16,,"05866 Velazquez Mount, North Diane, NJ 20651 US",Sara Brown,"202 Fuller Causeway, Alexville, FM 55286 US",edwardflowers@example.com,+1(057)559-5528,https://www.brock.com/,635.62,,42.3,649.95,,,,,,,,,,Entire machine source.,1.0,88.74,88.74,,,,,,
74.json,,INV/55-79/951,2020-04-19,,,"233 Foster Gardens, Johnburgh, ID 41900 US",Jason Hurst,"63567 Janice Trace Apt. 298, West Michaelbury, GA 26918 US",hthomas@example.org,+1(773)807-3019,https://ramirez.com/,764.84,,32.44,762.86,,,,,,,This order is shipped through blue dart courier,Total in words: seven hundred and sixty-two point eight six,576324.0,Later able either wrong.,1.0,23.11,23.11,,,,,,
74.json,,INV/55-79/951,2020-04-19,,,"233 Foster Gardens, Johnburgh, ID 41900 US",Jason Hurst,"63567 Janice Trace Apt. 298, West Michaelbury, GA 26918 US",hthomas@example.org,+1(773)807-3019,https://ramirez.com/,764.84,,32.44,762.86,,,,,,,This order is shipped through blue dart courier,Total in words: seven hundred and sixty-two point eight six,334505.0,Stand expect.,4.0,45.64,182.56,,,,,,
74.json,,INV/55-79/951,2020-04-19,,,"233 Foster Gardens, Johnburgh, ID 41900 US",Jason Hurst,"63567 Janice Trace Apt. 298, West Michaelbury, GA 26918 US",hthomas@example.org,+1(773)807-3019,https://ramirez.com/,764.84,,32.44,762.86,,,,,,,This order is shipped through blue dart courier,Total in words: seven hundred and sixty-two point eight six,832003.0,Particularly area.,3.0,82.95,248.85,,,,,,
74.json,,INV/55-79/951,2020-04-19,,,"233 Foster Gardens, Johnburgh, ID 41900 US",Jason Hurst,"63567 Janice Trace Apt. 298, West Michaelbury, GA 26918 US",hthomas@example.org,+1(773)807-3019,https://ramirez.com/,764.84,,32.44,762.86,,,,,,,This order is shipped through blue dart courier,Total in words: seven hundred and sixty-two point eight six,586735.0,Couple open population.,6.0,4.76,28.56,,,,,,
74.json,,INV/55-79/951,2020-04-19,,,"233 Foster Gardens, Johnburgh, ID 41900 US",Jason Hurst,"63567 Janice Trace Apt. 298, West Michaelbury, GA 26918 US",hthomas@example.org,+1(773)807-3019,https://ramirez.com/,764.84,,32.44,762.86,,,,,,,This order is shipped through blue dart courier,Total in words: seven hundred and sixty-two point eight six,866522.0,Process participant paper.,4.0,70.44,281.76,,,,,,
75.json,,,2017-06-14,2022-11-06,Fernandez PLC,"2942 Gary Village Suite 237, New Yolandaland, IL 18166 US",,,,,,,,,398.17,Central Bank of California,,,,,,Thank you for your business!,1. Please send payment within 8 days of receiving this invoice. 2. There will be a 2.5% interest charge per month on late invoices. 3. Please include the Invoice number in your payment notes.,25386.0,Guy stock always quickly.,1.0,69.76,69.76,Raf CAMP,16773920.0,SBININBB250,,,
75.json,,,2017-06-14,2022-11-06,Fernandez PLC,"2942 Gary Village Suite 237, New Yolandaland, IL 18166 US",,,,,,,,,398.17,Central Bank of California,,,,,,Thank you for your business!,1. Please send payment within 8 days of receiving this invoice. 2. There will be a 2.5% interest charge per month on late invoices. 3. Please include the Invoice number in your payment notes.,259546.0,Think nor.,2.0,36.66,73.32,Raf CAMP,16773920.0,SBININBB250,,,
75.json,,,2017-06-14,2022-11-06,Fernandez PLC,"2942 Gary Village Suite 237, New Yolandaland, IL 18166 US",,,,,,,,,398.17,Central Bank of California,,,,,,Thank you for your business!,1. Please send payment within 8 days of receiving this invoice. 2. There will be a 2.5% interest charge per month on late invoices. 3. Please include the Invoice number in your payment notes.,341274.0,Short.,5.0,21.27,106.35,Raf CAMP,16773920.0,SBININBB250,,,
75.json,,,2017-06-14,2022-11-06,Fernandez PLC,"2942 Gary Village Suite 237, New Yolandaland, IL 18166 US",,,,,,,,,398.17,Central Bank of California,,,,,,Thank you for your business!,1. Please send payment within 8 days of receiving this invoice. 2. There will be a 2.5% interest charge per month on late invoices. 3. Please include the Invoice number in your payment notes.,911993.0,Eat finally available.,5.0,26.69,133.45,Raf CAMP,16773920.0,SBININBB250,,,
77.json,,INV63917375,2004-08-29,,Woods-Gibbs,"696 Thompson Forest, Ashleybury, AR 73994 US",Brooke Baldwin,"0901 Ward Prairie, Lake Brianfurt, TX 83758 US",msetes@example.org,+1(277)671-7598,http://orr.com/,608.64,,,604.36,,,,,,,,,,Pm likely practice.,6.0,56.02,336.12,,,,amanda25@example.org,,
77.json,,INV63917375,2004-08-29,,Woods-Gibbs,"696 Thompson Forest, Ashleybury, AR 73994 US",Brooke Baldwin,"0901 Ward Prairie, Lake Brianfurt, TX 83758 US",msetes@example.org,+1(277)671-7598,http://orr.com/,608.64,,,604.36,,,,,,,,,,Federal.,3.0,27.86,83.58,,,,amanda25@example.org,,
77.json,,INV63917375,2004-08-29,,Woods-Gibbs,"696 Thompson Forest, Ashleybury, AR 73994 US",Brooke Baldwin,"0901 Ward Prairie, Lake Brianfurt, TX 83758 US",msetes@example.org,+1(277)671-7598,http://orr.com/,608.64,,,604.36,,,,,,,,,,Out with throw call.,3.0,62.98,188.94,,,,amanda25@example.org,,
79.json,,5875-863,2001-10-28,2018-03-03,"Berg, Ward and Wright","5776 Whitney Meadow, West Adriennebury, ID 40049 US",William Montoya,"68833 Melissa Mount, South Danniellestad, DC 30815 US",leonardnelson@example.org,+1(485)385-6356,http://ward.net/,1050.86,,63.11,1094.0,,,,,,,Total in words: one thousand and ninety-four,,,Thing hand.,2.0,27.12,,,,,,04AR0PO98743125,
79.json,,5875-863,2001-10-28,2018-03-03,"Berg, Ward and Wright","5776 Whitney Meadow, West Adriennebury, ID 40049 US",William Montoya,"68833 Melissa Mount, South Danniellestad, DC 30815 US",leonardnelson@example.org,+1(485)385-6356,http://ward.net/,1050.86,,63.11,1094.0,,,,,,,Total in words: one thousand and ninety-four,,,Report brother.,1.0,68.78,,,,,,04AR0PO98743125,
79.json,,5875-863,2001-10-28,2018-03-03,"Berg, Ward and Wright","5776 Whitney Meadow, West Adriennebury, ID 40049 US",William Montoya,"68833 Melissa Mount, South Danniellestad, DC 30815 US",leonardnelson@example.org,+1(485)385-6356,http://ward.net/,1050.86,,63.11,1094.0,,,,,,,Total in words: one thousand and ninety-four,,,Less defense.,3.0,71.63,,,,,,04AR0PO98743125,
79.json,,5875-863,2001-10-28,2018-03-03,"Berg, Ward and Wright","5776 Whitney Meadow, West Adriennebury, ID 40049 US",William Montoya,"68833 Melissa Mount, South Danniellestad, DC 30815 US",leonardnelson@example.org,+1(485)385-6356,http://ward.net/,1050.86,,63.11,1094.0,,,,,,,Total in words: one thousand and ninety-four,,,Company whatever after.,3.0,97.03,,,,,,04AR0PO98743125,
79.json,,5875-863,2001-10-28,2018-03-03,"Berg, Ward and Wright","5776 Whitney Meadow, West Adriennebury, ID 40049 US",William Montoya,"68833 Melissa Mount, South Danniellestad, DC 30815 US",leonardnelson@example.org,+1(485)385-6356,http://ward.net/,1050.86,,63.11,1094.0,,,,,,,Total in words: one thousand and ninety-four,,,Find song.,6.0,70.31,,,,,,04AR0PO98743125,
80.json,,INV/00-14/786,2003-05-24,2010-02-05,Yoder LLC,"010 Jeffrey Glens, Port Toddport, DC 16594 US",Kristina Ayers,"4348 Norris Dale Apt. 891, Michellechester, IA 43482 US",sarah26@example.net,+1(208)592-6350,https://www.green-barnes.com/,,,,,,,,,,,This order is shipped through blue dart courier,,,Knowledge prepare.,5.0,8.04,40.2,,,,,GSTIN4321AAD22,
80.json,,INV/00-14/786,2003-05-24,2010-02-05,Yoder LLC,"010 Jeffrey Glens, Port Toddport, DC 16594 US",Kristina Ayers,"4348 Norris Dale Apt. 891, Michellechester, IA 43482 US",sarah26@example.net,+1(208)592-6350,https://www.green-barnes.com/,,,,,,,,,,,This order is shipped through blue dart courier,,,Arm total.,3.0,25.3,75.9,,,,,GSTIN4321AAD22,
80.json,,INV/00-14/786,2003-05-24,2010-02-05,Yoder LLC,"010 Jeffrey Glens, Port Toddport, DC 16594 US",Kristina Ayers,"4348 Norris Dale Apt. 891, Michellechester, IA 43482 US",sarah26@example.net,+1(208)592-6350,https://www.green-barnes.com/,,,,,,,,,,,This order is shipped through blue dart courier,,,Partner everything process.,3.0,69.57,208.71,,,,,GSTIN4321AAD22,
80.json,,INV/00-14/786,2003-05-24,2010-02-05,Yoder LLC,"010 Jeffrey Glens, Port Toddport, DC 16594 US",Kristina Ayers,"4348 Norris Dale Apt. 891, Michellechester, IA 43482 US",sarah26@example.net,+1(208)592-6350,https://www.green-barnes.com/,,,,,,,,,,,This order is shipped through blue dart courier,,,Instead best both.,5.0,78.15,390.75,,,,,GSTIN4321AAD22,
80.json,,INV/00-14/786,2003-05-24,2010-02-05,Yoder LLC,"010 Jeffrey Glens, Port Toddport, DC 16594 US",Kristina Ayers,"4348 Norris Dale Apt. 891, Michellechester, IA 43482 US",sarah26@example.net,+1(208)592-6350,https://www.green-barnes.com/,,,,,,,,,,,This order is shipped through blue dart courier,,,Final interview.,3.0,30.65,91.95,,,,,GSTIN4321AAD22,
82.json,,INV/24-39/636,2008-07-14,,Woods-Gibbs,"696 Thompson Forest, Ashleybury, AR 73994 US",Matthew Bryant,"83350 Garrett Ranch Apt. 037, Calderonhaven, UT 61669 US",mckenziesweeney@example.org,+(544)915-7875,http://www.brown.org/,1166.78,,,1154.02,,,,,,,,,,Society address.,1.0,60.19,60.19,,,,amanda25@example.org,,
82.json,,INV/24-39/636,2008-07-14,,Woods-Gibbs,"696 Thompson Forest, Ashleybury, AR 73994 US",Matthew Bryant,"83350 Garrett Ranch Apt. 037, Calderonhaven, UT 61669 US",mckenziesweeney@example.org,+(544)915-7875,http://www.brown.org/,1166.78,,,1154.02,,,,,,,,,,Likely we.,4.0,97.96,391.84,,,,amanda25@example.org,,
82.json,,INV/24-39/636,2008-07-14,,Woods-Gibbs,"696 Thompson Forest, Ashleybury, AR 73994 US",Matthew Bryant,"83350 Garrett Ranch Apt. 037, Calderonhaven, UT 61669 US",mckenziesweeney@example.org,+(544)915-7875,http://www.brown.org/,1166.78,,,1154.02,,,,,,,,,,Concern anyone.,3.0,28.65,85.95,,,,amanda25@example.org,,
82.json,,INV/24-39/636,2008-07-14,,Woods-Gibbs,"696 Thompson Forest, Ashleybury, AR 73994 US",Matthew Bryant,"83350 Garrett Ranch Apt. 037, Calderonhaven, UT 61669 US",mckenziesweeney@example.org,+(544)915-7875,http://www.brown.org/,1166.78,,,1154.02,,,,,,,,,,Age vote wind.,3.0,70.32,210.96,,,,amanda25@example.org,,
82.json,,INV/24-39/636,2008-07-14,,Woods-Gibbs,"696 Thompson Forest, Ashleybury, AR 73994 US",Matthew Bryant,"83350 Garrett Ranch Apt. 037, Calderonhaven, UT 61669 US",mckenziesweeney@example.org,+(544)915-7875,http://www.brown.org/,1166.78,,,1154.02,,,,,,,,,,Store skin man.,6.0,69.64,417.84,,,,amanda25@example.org,,
83.json,,INV15023376,2016-01-17,,"Patton, Ortiz and Moore","07924 Daniel View, North Austinhaven, AK 96663 US",Kathy Wiggins,"21254 Smith Islands, Welchstad, VA 41341 US",marklee@example.com,+(050)429-6142,http://williams-wright.com/,,,,633.35,State Bank of California,,,,,,,,,Seat activity.,5.0,62.05,310.25,Raf CAMP,14150302.0,SBININBB250,wilsonadrienne@example.net,,www.PattonOrtizandMoore.org
83.json,,INV15023376,2016-01-17,,"Patton, Ortiz and Moore","07924 Daniel View, North Austinhaven, AK 96663 US",Kathy Wiggins,"21254 Smith Islands, Welchstad, VA 41341 US",marklee@example.com,+(050)429-6142,http://williams-wright.com/,,,,633.35,State Bank of California,,,,,,,,,Describe performance current.,1.0,62.63,62.63,Raf CAMP,14150302.0,SBININBB250,wilsonadrienne@example.net,,www.PattonOrtizandMoore.org
83.json,,INV15023376,2016-01-17,,"Patton, Ortiz and Moore","07924 Daniel View, North Austinhaven, AK 96663 US",Kathy Wiggins,"21254 Smith Islands, Welchstad, VA 41341 US",marklee@example.com,+(050)429-6142,http://williams-wright.com/,,,,633.35,State Bank of California,,,,,,,,,Land beautiful design.,3.0,82.04,246.12,Raf CAMP,14150302.0,SBININBB250,wilsonadrienne@example.net,,www.PattonOrtizandMoore.org
84.json,,6Y6M6d-599,2000-01-31,1994-08-30,"Berg, Ward and Wright","5776 Whitney Meadow, West Adriennebury, ID 40049 US",Courtney Powell,"52384 Ramos Forks, Bakerberg, OK 84132 US",johnterry@example.org,+(493)474-4388,http://baker-martin.com/,342.4,,14.43,339.92,,,,,,,Total in words: three hundred and thirty-nine point nine two,,,Reach former trip.,2.0,78.04,156.08,,,,,04AR0PO98743125,
84.json,,6Y6M6d-599,2000-01-31,1994-08-30,"Berg, Ward and Wright","5776 Whitney Meadow, West Adriennebury, ID 40049 US",Courtney Powell,"52384 Ramos Forks, Bakerberg, OK 84132 US",johnterry@example.org,+(493)474-4388,http://baker-martin.com/,342.4,,14.43,339.92,,,,,,,Total in words: three hundred and thirty-nine point nine two,,,Better catch forget.,1.0,83.33,83.33,,,,,04AR0PO98743125,
84.json,,6Y6M6d-599,2000-01-31,1994-08-30,"Berg, Ward and Wright","5776 Whitney Meadow, West Adriennebury, ID 40049 US",Courtney Powell,"52384 Ramos Forks, Bakerberg, OK 84132 US",johnterry@example.org,+(493)474-4388,http://baker-martin.com/,342.4,,14.43,339.92,,,,,,,Total in words: three hundred and thirty-nine point nine two,,,Note people.,3.0,34.33,102.99,,,,,04AR0PO98743125,
85.json,,7343-488,2002-03-30,2016-05-14,Richardson-Davis,"6479 Smith Causeway, East Camerontown, AS 38212 US",Angela Steele,"3072 Huang Wells Suite 779, South Stephen, NY 78533 US",jason82@example.com,+(323)154-0746,http://www.burgess.com/,141.72,2.37,5.32,140.08,State Bank of California,,,,,,Thank you for choosing us! Total in words: one hundred and forty point zero eight,Terms and Conditions: will be charged if payment is not made within the due date.,,Idea trip.,1.0,48.07,48.07,Raf CAMP,17408845.0,SBININBB250,,,
85.json,,7343-488,2002-03-30,2016-05-14,Richardson-Davis,"6479 Smith Causeway, East Camerontown, AS 38212 US",Angela Steele,"3072 Huang Wells Suite 779, South Stephen, NY 78533 US",jason82@example.com,+(323)154-0746,http://www.burgess.com/,141.72,2.37,5.32,140.08,State Bank of California,,,,,,Thank you for choosing us! Total in words: one hundred and forty point zero eight,Terms and Conditions: will be charged if payment is not made within the due date.,,Fly sound.,1.0,93.65,93.65,Raf CAMP,17408845.0,SBININBB250,,,
test_0.json,,INV64664304,2018-03-27,2006-06-27,,,,,,,,328.43,8.31,21.2,339.81,,,,,,,All payments to be made in cash.,Please send payment within 8 days of receiving this invoice. There will be a 2.5% interest charge per month on late invoices. Please include the Invoice number in your payment notes.,,Area family or air.,5.0,38.27,191.35,,,,lisa97@example.org,,
test_0.json,,INV64664304,2018-03-27,2006-06-27,,,,,,,,328.43,8.31,21.2,339.81,,,,,,,All payments to be made in cash.,Please send payment within 8 days of receiving this invoice. There will be a 2.5% interest charge per month on late invoices. Please include the Invoice number in your payment notes.,,Effort impact activity.,4.0,24.69,98.76,,,,lisa97@example.org,,
test_0.json,,INV64664304,2018-03-27,2006-06-27,,,,,,,,328.43,8.31,21.2,339.81,,,,,,,All payments to be made in cash.,Please send payment within 8 days of receiving this invoice. There will be a 2.5% interest charge per month on late invoices. Please include the Invoice number in your payment notes.,,From himself democratic.,2.0,19.16,38.32,,,,lisa97@example.org,,
test_1.json,,INV/18-33/725,2020-01-05,,Robinson-Carson,"28713 Hart Fort Suite 267, Stewarttown, MI 55458 US",Zachary White,"58389 Brian Vista, East Kathleen, MP 79793 US",costajoshua@example.com,+(345)741-8229,http://www.brennan.net/,560.46,,,570.33,,,,,,,,Total in words: five hundred and seventy point three three,,Present response far.,5.0,50.36,251.8,,,,,,
test_1.json,,INV/18-33/725,2020-01-05,,Robinson-Carson,"28713 Hart Fort Suite 267, Stewarttown, MI 55458 US",Zachary White,"58389 Brian Vista, East Kathleen, MP 79793 US",costajoshua@example.com,+(345)741-8229,http://www.brennan.net/,560.46,,,570.33,,,,,,,,Total in words: five hundred and seventy point three three,,Energy while tell.,6.0,16.61,99.66,,,,,,
test_1.json,,INV/18-33/725,2020-01-05,,Robinson-Carson,"28713 Hart Fort Suite 267, Stewarttown, MI 55458 US",Zachary White,"58389 Brian Vista, East Kathleen, MP 79793 US",costajoshua@example.com,+(345)741-8229,http://www.brennan.net/,560.46,,,570.33,,,,,,,,Total in words: five hundred and seventy point three three,,Fill.,4.0,52.25,209.0,,,,,,
test_10.json,,INV/01-62/982,2007-08-04,2001-01-15,"Kirk, Murphy and Daniels",,Austin Allen,"479 Kenneth Spring, Jacobport, FL 21911 US",pprice@example.org,+(540)523-0937,https://www.williams.com/,,,5.57,127.75,,,,,,,Total payment due in 14 days.,Total in words: one hundred and twenty-seven point seven five,,Maintain thing space.,1.0,60.17,60.17,,,,,,
test_10.json,,INV/01-62/982,2007-08-04,2001-01-15,"Kirk, Murphy and Daniels",,Austin Allen,"479 Kenneth Spring, Jacobport, FL 21911 US",pprice@example.org,+(540)523-0937,https://www.williams.com/,,,5.57,127.75,,,,,,,Total payment due in 14 days.,Total in words: one hundred and twenty-seven point seven five,,Eye much.,1.0,47.64,47.64,,,,,,
test_10.json,,INV/01-62/982,2007-08-04,2001-01-15,"Kirk, Murphy and Daniels",,Austin Allen,"479 Kenneth Spring, Jacobport, FL 21911 US",pprice@example.org,+(540)523-0937,https://www.williams.com/,,,5.57,127.75,,,,,,,Total payment due in 14 days.,Total in words: one hundred and twenty-seven point seven five,,Tonight unit record.,2.0,8.59,17.18,,,,,,
test_11.json,,5Y6M5d-505,2012-07-21,,Robinson-Carson,"28713 Hart Fort Suite 267, Stewarttown, MI 55458 US",Kimberly Bradford,"08222 Henry Burg Apt. 346, North Kevin, MA 51614 US",robert40@example.com,+(675)084-8941,http://riley.biz/,724.37,,,761.08,,,,,,,Total in words: seven hundred and sixty-one point zero eight,,,Quite worker.,1.0,5.18,5.18,,,,,,
test_11.json,,5Y6M5d-505,2012-07-21,,Robinson-Carson,"28713 Hart Fort Suite 267, Stewarttown, MI 55458 US",Kimberly Bradford,"08222 Henry Burg Apt. 346, North Kevin, MA 51614 US",robert40@example.com,+(675)084-8941,http://riley.biz/,724.37,,,761.08,,,,,,,Total in words: seven hundred and sixty-one point zero eight,,,Reveal prepare.,6.0,36.35,218.1,,,,,,
test_11.json,,5Y6M5d-505,2012-07-21,,Robinson-Carson,"28713 Hart Fort Suite 267, Stewarttown, MI 55458 US",Kimberly Bradford,"08222 Henry Burg Apt. 346, North Kevin, MA 51614 US",robert40@example.com,+(675)084-8941,http://riley.biz/,724.37,,,761.08,,,,,,,Total in words: seven hundred and sixty-one point zero eight,,,List.,6.0,43.23,259.38,,,,,,
test_11.json,,5Y6M5d-505,2012-07-21,,Robinson-Carson,"28713 Hart Fort Suite 267, Stewarttown, MI 55458 US",Kimberly Bradford,"08222 Henry Burg Apt. 346, North Kevin, MA 51614 US",robert40@example.com,+(675)084-8941,http://riley.biz/,724.37,,,761.08,,,,,,,Total in words: seven hundred and sixty-one point zero eight,,,Another human assume.,3.0,80.57,241.71,,,,,,
test_12.json,,INV24437684,2013-07-09,,,,,,,,,437.53,,,437.53,,,,,,,Total in words: four hundred and thirty-two point seven seven,Will be charged if payment is not made within the due date.,,Same service tree.,4.0,66.35,265.4,,,,,,
test_12.json,,INV24437684,2013-07-09,,,,,,,,,437.53,,,437.53,,,,,,,Total in words: four hundred and thirty-two point seven seven,Will be charged if payment is not made within the due date.,,Professional black investment stock.,3.0,27.09,81.27,,,,,,
test_12.json,,INV24437684,2013-07-09,,,,,,,,,437.53,,,437.53,,,,,,,Total in words: four hundred and thirty-two point seven seven,Will be charged if payment is not made within the due date.,,Agree health.,1.0,90.86,90.86,,,,,,
test_13.json,,8236-546,2002-05-19,,Robinson-Carson,"28713 Hart Fort Suite 267, Stewarttown, MI 55458 US",Kimberly Barber,"4252 Lee Flat, Rayfurt, ID 38046 US",grahamrichard@example.org,+(001)443-2835,https://www.payne.com/,558.36,,,572.58,,,,,,,Total in words: five hundred and seventy-two point five eight,,,Suggest natural election.,6.0,37.67,226.02,,,,,,
test_13.json,,8236-546,2002-05-19,,Robinson-Carson,"28713 Hart Fort Suite 267, Stewarttown, MI 55458 US",Kimberly Barber,"4252 Lee Flat, Rayfurt, ID 38046 US",grahamrichard@example.org,+(001)443-2835,https://www.payne.com/,558.36,,,572.58,,,,,,,Total in words: five hundred and seventy-two point five eight,,,Market who question.,6.0,55.39,332.34,,,,,,
test_2.json,,3Y3M8d-350,2001-03-17,,,,George Bowman,"7931 White Mission Apt. 499, Lake Timothy, KY 28497 US",ericl96@example.net,+(696)444-4114,http://www.gray-hendrix.net/,482.96,,,482.96,,,,,,,,Please send payment within 8 days of receiving this invoice. There will be a 2.5% interest charge per month on late invoices. Please include the Invoice number in your payment notes.,,,5.0,84.31,421.55,,,,,,
test_2.json,,3Y3M8d-350,2001-03-17,,,,George Bowman,"7931 White Mission Apt. 499, Lake Timothy, KY 28497 US",ericl96@example.net,+(696)444-4114,http://www.gray-hendrix.net/,482.96,,,482.96,,,,,,,,Please send payment within 8 days of receiving this invoice. There will be a 2.5% interest charge per month on late invoices. Please include the Invoice number in your payment notes.,,,1.0,61.41,61.41,,,,,,
test_3.json,,8643-519,2020-04-04,,,,,,,,,557.7,,,557.7,,,,,,,Total in words: five hundred and seventy-eight point nine two,Will be charged if payment is not made within the due date.,,Purpose.,2.0,98.59,197.18,,,,,,
test_3.json,,8643-519,2020-04-04,,,,,,,,,557.7,,,557.7,,,,,,,Total in words: five hundred and seventy-eight point nine two,Will be charged if payment is not made within the due date.,,Key recent.,4.0,90.13,360.52,,,,,,
test_4.json,,1966-282,2000-02-09,,Robinson-Carson,"28713 Hart Fort Suite 267, Stewarttown, MI 55458 US",Morgan Walker,"301 Gutierrez Trafficway, North Arielhaven, TN 28123 US",zcarroll@example.org,+(702)729-3859,http://hill.com/,577.31,,,606.07,,,,,,,Total in words: six hundred and six point zero seven,,,Phone country identify.,3.0,36.93,110.79,,,,,,
test_4.json,,1966-282,2000-02-09,,Robinson-Carson,"28713 Hart Fort Suite 267, Stewarttown, MI 55458 US",Morgan Walker,"301 Gutierrez Trafficway, North Arielhaven, TN 28123 US",zcarroll@example.org,+(702)729-3859,http://hill.com/,577.31,,,606.07,,,,,,,Total in words: six hundred and six point zero seven,,,Threat list.,5.0,59.18,295.9,,,,,,
test_4.json,,1966-282,2000-02-09,,Robinson-Carson,"28713 Hart Fort Suite 267, Stewarttown, MI 55458 US",Morgan Walker,"301 Gutierrez Trafficway, North Arielhaven, TN 28123 US",zcarroll@example.org,+(702)729-3859,http://hill.com/,577.31,,,606.07,,,,,,,Total in words: six hundred and six point zero seven,,,Image detail.,2.0,11.46,22.92,,,,,,
test_4.json,,1966-282,2000-02-09,,Robinson-Carson,"28713 Hart Fort Suite 267, Stewarttown, MI 55458 US",Morgan Walker,"301 Gutierrez Trafficway, North Arielhaven, TN 28123 US",zcarroll@example.org,+(702)729-3859,http://hill.com/,577.31,,,606.07,,,,,,,Total in words: six hundred and six point zero seven,,,Set election.,5.0,29.54,147.7,,,,,,
test_5.json,,2Y5M7d-039,2017-01-04,,Robinson-Carson,"28713 Hart Fort Suite 267, Stewarttown, MI 55458 US",Ashley Small,"0726 Solomon Light, North Matthewmouth, NC 06238 US",laurenweaver@example.net,+(076)868-8594,http://www.kennedy-potts.com/,876.64,,,903.67,,,,,,,Total in words: nine hundred and three point six seven,,,Guy treat blood picture.,3.0,15.74,47.22,,,,,,
test_5.json,,2Y5M7d-039,2017-01-04,,Robinson-Carson,"28713 Hart Fort Suite 267, Stewarttown, MI 55458 US",Ashley Small,"0726 Solomon Light, North Matthewmouth, NC 06238 US",laurenweaver@example.net,+(076)868-8594,http://www.kennedy-potts.com/,876.64,,,903.67,,,,,,,Total in words: nine hundred and three point six seven,,,Much everything.,5.0,54.44,272.2,,,,,,
test_5.json,,2Y5M7d-039,2017-01-04,,Robinson-Carson,"28713 Hart Fort Suite 267, Stewarttown, MI 55458 US",Ashley Small,"0726 Solomon Light, North Matthewmouth, NC 06238 US",laurenweaver@example.net,+(076)868-8594,http://www.kennedy-potts.com/,876.64,,,903.67,,,,,,,Total in words: nine hundred and three point six seven,,,Garden main issue.,6.0,92.28,553.68,,,,,,
test_5.json,,2Y5M7d-039,2017-01-04,,Robinson-Carson,"28713 Hart Fort Suite 267, Stewarttown, MI 55458 US",Ashley Small,"0726 Solomon Light, North Matthewmouth, NC 06238 US",laurenweaver@example.net,+(076)868-8594,http://www.kennedy-potts.com/,876.64,,,903.67,,,,,,,Total in words: nine hundred and three point six seven,,,Music look though.,3.0,1.18,3.54,,,,,,
test_6.json,,1480-718,2019-03-29,2021-01-11,"Kirk, Murphy and Daniels",,Amber Neal,"3176 Philip Crossroad Suite 183, Mikestad, MH 41454 US",chavezwilliam@example.net,+(619)205-1564,http://www.lane.biz/,,,19.07,435.75,,,,,,,Total in words: four hundred and thirty-five point seven five,All payments to be made in cash. Contact us for queries on these quotations.,,Democratic ready.,1.0,80.25,80.25,,,,,,
test_6.json,,1480-718,2019-03-29,2021-01-11,"Kirk, Murphy and Daniels",,Amber Neal,"3176 Philip Crossroad Suite 183, Mikestad, MH 41454 US",chavezwilliam@example.net,+(619)205-1564,http://www.lane.biz/,,,19.07,435.75,,,,,,,Total in words: four hundred and thirty-five point seven five,All payments to be made in cash. Contact us for queries on these quotations.,,Personal full quite.,2.0,82.6,165.2,,,,,,
test_6.json,,1480-718,2019-03-29,2021-01-11,"Kirk, Murphy and Daniels",,Amber Neal,"3176 Philip Crossroad Suite 183, Mikestad, MH 41454 US",chavezwilliam@example.net,+(619)205-1564,http://www.lane.biz/,,,19.07,435.75,,,,,,,Total in words: four hundred and thirty-five point seven five,All payments to be made in cash. Contact us for queries on these quotations.,,Very inside part.,2.0,96.21,192.42,,,,,,
test_7.json,,INV/25-00/951,2008-08-10,,"King, Richards and Roy",,Margaret Moyer,"4056 Peter Avenue, Port Phillip, FM 76575 US",johnchoa@example.org,+1(401)72-5002,,,,,408.37,,,,,,,Total in words: four hundred and eight point three seven,Total payment due in 14 days.,,Nearly term network.,5.0,32.18,160.9,,,,smithjeffrey@example.net,,https://hall.com/
test_7.json,,INV/25-00/951,2008-08-10,,"King, Richards and Roy",,Margaret Moyer,"4056 Peter Avenue, Port Phillip, FM 76575 US",johnchoa@example.org,+1(401)72-5002,,,,,408.37,,,,,,,Total in words: four hundred and eight point three seven,Total payment due in 14 days.,,Drug they most.,6.0,35.34,212.04,,,,smithjeffrey@example.net,,https://hall.com/
test_7.json,,INV/25-00/951,2008-08-10,,"King, Richards and Roy",,Margaret Moyer,"4056 Peter Avenue, Port Phillip, FM 76575 US",johnchoa@example.org,+1(401)72-5002,,,,,408.37,,,,,,,Total in words: four hundred and eight point three seven,Total payment due in 14 days.,,Pass life.,1.0,25.59,25.59,,,,smithjeffrey@example.net,,https://hall.com/
test_8.json,,INV/15-21/217,2001-09-08,2018-09-10,"Kirk, Murphy and Daniels",,Miguel Valentine,"55793 Michael Trail Apt. 823, Gibsonport, FL 60164 US",iford@example.com,+(088)190-6271,http://www.peterson.biz/,,,16.64,399.72,,,,,,,Thank you for your business! Total in words: three hundred and ninety-nine point seven two,,,Baby son.,6.0,6.41,38.46,,,,,,
test_8.json,,INV/15-21/217,2001-09-08,2018-09-10,"Kirk, Murphy and Daniels",,Miguel Valentine,"55793 Michael Trail Apt. 823, Gibsonport, FL 60164 US",iford@example.com,+(088)190-6271,http://www.peterson.biz/,,,16.64,399.72,,,,,,,Thank you for your business! Total in words: three hundred and ninety-nine point seven two,,,Already cost century.,6.0,60.55,363.3,,,,,,
test_9.json,,,2018-08-07,2014-09-18,Stein-Fernandez,"0344 Jonathan Club, Port Patriciahsire, PW 72063 US",Anthony Harris,"981 William Road Apt. 110, Joshuaborough, RI 05401 US",markalvarez@example.org,+(810)717-6629,http://www.martin-delgado.com/,586.56,21.53,20.77,600.17,,,,,,,This order is shipped through blue dart courier. Total in words: six hundred point one seven,Will be charged if payment is not made within the due date.,,Reduce state.,6.0,79.98,479.88,,,,,,
test_9.json,,,2018-08-07,2014-09-18,Stein-Fernandez,"0344 Jonathan Club, Port Patriciahsire, PW 72063 US",Anthony Harris,"981 William Road Apt. 110, Joshuaborough, RI 05401 US",markalvarez@example.org,+(810)717-6629,http://www.martin-delgado.com/,586.56,21.53,20.77,600.17,,,,,,,This order is shipped through blue dart courier. Total in words: six hundred point one seven,Will be charged if payment is not made within the due date.,,Yourself.,6.0,17.78,106.68,,,,,,
